{
  "hosting": {
    "public": "dist",
    "ignore": [
      "firebase.json",
      "**/.*",
      "**/node_modules/**"
    ],
    "rewrites": [
      {
        "source": "**",
        "destination": "/index.html"
      }
    ],
    "headers": [
      {
        "source": "**/*.@(js|css)",
        "headers": [
          {
            "key": "Cache-Control",
            "value": "max-age=31536000"
          }
        ]
      },
      {
        "source": "**",
        "headers": [
          {
            "key": "X-Content-Type-Options",
            "value": "nosniff"
          },
          {
            "key": "X-Frame-Options",
            "value": "DENY"
          },
          {
            "key": "X-XSS-Protection",
            "value": "1; mode=block"
          },
          {
            "key": "Referrer-Policy",
            "value": "strict-origin-when-cross-origin"
          },
          {
            "key": "Content-Security-Policy",
            "value": "default-src 'self'; script-src 'self' 'unsafe-inline' https://apis.google.com https://www.gstatic.com; style-src 'self' 'unsafe-inline' https://fonts.googleapis.com; font-src 'self' https://fonts.gstatic.com; img-src 'self' data: https:; connect-src 'self' https://*.firebaseapp.com https://*.googleapis.com https://*.google.com"
          }
        ]
      }
    ]
  }
}

